longitude,latitude,nptype,objid,yyymm,view_cnt,date_created,last_updated,man_created,providers,name,caseno,cntcode,addr,phone,fax,type,x,y,geom_twnspcode,man_last_updated
120.22104099292703,22.963626536471356,NP600,268712565,10411,12,"Nov 6, 2015 4:38:10 PM","Aug 12, 2018 6:59:26 AM",系統管理員,政府資料開放平臺,台糖公司產業工會聯合會,5,67000,台南市東區生產路68號,06-3378585,06-3378525,4,170124.03,2540467.24,6703200,
121.51560819468074,25.066014947570647,NP600,268712686,10411,3,"Nov 6, 2015 4:38:39 PM","May 21, 2018 2:23:57 PM",系統管理員,政府資料開放平臺,中華民國全國公務機關勞工總工會,56,63000,台北市大同區昌吉街55號2樓215-216室,02-25972631,02-25976453,5,302018.099,2773188.692,6300600,
121.466198883052,25.01149986153631,NP600,268712560,10411,3,"Nov 6, 2015 4:38:08 PM","Apr 12, 2017 12:34:18 PM",系統管理員,政府資料開放平臺,新北市各業工人總工會,58,65000,新北市板橋區中山路1段158巷14號1樓,02-2955-4876,29556799,3,297054.068,2767132.247,6500100,
120.72179063060986,24.259147924331856,NP600,268712561,10411,3,"Nov 6, 2015 4:38:09 PM","Nov 20, 2017 4:48:05 PM",系統管理員,政府資料開放平臺,台灣省傳統整復員職業工會聯合會,1,66000,台中市豐原區大順街43巷12號,04-25273785,04-25277123,4,221751.43,2683751.68,6600900,
121.57498834831394,25.07165651898747,NP600,268712643,10411,3,"Nov 6, 2015 4:38:28 PM","Mar 13, 2018 2:43:53 PM",系統管理員,政府資料開放平臺,中華民國汽車運輸業駕駛員全國總工會,13,63000,台北市內湖區舊宗路二段181巷10號,02-26599999,02-26599998,5,308006.243,2773837.745,6301000,
120.60148607560326,24.38628556251333,NP600,268712601,10411,1,"Nov 6, 2015 4:38:18 PM","May 10, 2016 10:19:17 AM",系統管理員,政府資料開放平臺,台灣省碾米業職業工會聯合會,43,66000,台中縣大安鄉永安村東西三路266號,04-22281417,,4,209576.283,2697862.272,6602200,
121.51568219977582,25.028934939410554,NP600,268712571,10411,3,"Nov 6, 2015 4:38:11 PM","Apr 12, 2017 12:32:38 PM",系統管理員,政府資料開放平臺,台灣電工器材業產業工會聯合會,13,63000,台北市中正區重慶南路3段17號4樓,02-23914725,02-23914274,4,302041.216,2769081.538,6300500,
120.67614835821698,24.161929229007935,NP600,268712590,10411,2,"Nov 6, 2015 4:38:15 PM","Apr 24, 2018 10:38:46 PM",系統管理員,政府資料開放平臺,台灣省音樂職業工會聯合會,32,66000,台中市大雅路220巷2之9號,04-22055084,04-22050647,4,217092.058,2672994.58,6600500,
121.49804019257482,25.130097053073428,NP600,268712573,10411,2,"Nov 6, 2015 4:38:11 PM","Apr 12, 2017 12:31:01 PM",系統管理員,政府資料開放平臺,台北市紡織染整業產業工會聯合會,15,63000,台北市大興街23巷7號3樓,02-28950174,,4,300219.517,2780280.166,6301200,
120.29376047005319,22.645875145904114,NP600,268712670,10411,5,"Nov 6, 2015 4:38:35 PM","Dec 26, 2017 5:29:48 PM",系統管理員,政府資料開放平臺,中華民國不動產服務全國總工會,40,64000,高雄市三民區十全二路331號16樓,07-3121848,07-3213044,5,177412.991,2505242.967,6400500,
121.52498360041288,25.049189146840288,NP600,268712635,10411,3,"Nov 6, 2015 4:38:27 PM","Dec 14, 2017 9:35:12 AM",系統管理員,政府資料開放平臺,全國金融業工會聯合總會,5,63000,台北市長安東路1段35號4樓,02-25814552,02-25814766,5,302971.204,2771328.61,6300400,
121.4922575609375,25.05669315732658,NP600,268712600,10411,2,"Nov 6, 2015 4:38:18 PM","Apr 12, 2017 12:34:55 PM",系統管理員,政府資料開放平臺,台灣省舊貨業職業工會聯合會,42,65000,台北縣三重市光明路119號,02-29769830,02-29769862,4,299666.046,2772147.382,6500200,
121.46402354565639,25.00063030382137,NP600,268712647,10411,2,"Nov 6, 2015 4:38:29 PM","Oct 30, 2017 4:45:39 PM",系統管理員,政府資料開放平臺,台灣建築行業職業工會全國聯合總工會,17,65000,台北縣板橋市重慶路249號15樓之1,02-29637290,07-7193147,5,296838.627,2765927.535,6500100,
121.75833100055927,24.760471014626884,NP600,268712688,10411,138,"Nov 6, 2015 4:38:40 PM","Sep 2, 2018 4:45:12 AM",系統管理員,政府資料開放平臺,台灣針織工職業工會總工會,58,10002,宜蘭縣宜蘭市新興路72巷11號3樓,03-9362681,03-9362681,5,326695.123,2739459.905,1000201,
121.46344731274057,25.00663273891183,NP600,268712648,10411,2,"Nov 6, 2015 4:38:30 PM","Apr 12, 2017 12:34:43 PM",系統管理員,政府資料開放平臺,中華民國製茶業工會全國聯合會,18,65000,台北縣板橋市重慶路89巷43號1樓,02-29591029,02-29573317,5,296778.188,2766592.191,6500100,
121.51913164770264,25.053082380667185,NP600,268712636,10411,8,"Nov 6, 2015 4:38:27 PM","Mar 16, 2018 11:19:01 AM",系統管理員,政府資料開放平臺,中華民國全國駕駛員職業總工會,6,63000,台北市南京西路61號2樓之1,02-25588246,02-25503478,5,302379.073,2771757.568,6300600,
120.31366959276743,22.58816329792475,NP600,268712667,10411,2,"Nov 6, 2015 4:38:34 PM","Jul 28, 2016 10:54:56 AM",系統管理員,政府資料開放平臺,中華民國全國碼頭工會聯合會,37,64000,高雄市前鎮區德昌路417號,07-8118251,07-8118009,5,179429.872,2498842.771,6400900,
121.0107404617422,24.827260665443607,NP600,268712607,10411,69,"Nov 6, 2015 4:38:20 PM","Sep 3, 2018 9:31:27 AM",系統管理員,政府資料開放平臺,台灣省汽車修理業職業工會聯合會,49,10004,新竹縣竹北市縣政八街25號2樓,03-5512501,03-5512501,4,251085.653,2746644.905,1000401,
120.6973430581804,24.13359412034276,NP600,268712593,10411,1,"Nov 6, 2015 4:38:16 PM","May 10, 2016 10:21:00 AM",系統管理員,政府資料開放平臺,台灣自來水股份有限公司產業工會,35,66000,台中市東光園路344號,04-22120622,04-22120585,4,219238.974,2669851.638,6600200,
121.52113278063705,25.04934786865941,NP600,268712672,10411,3,"Nov 6, 2015 4:38:36 PM","Oct 16, 2017 1:30:18 PM",系統管理員,政府資料開放平臺,中華民國洗染業職業工會全國聯合會,42,63000,台北市中山北路1段92號11樓之1,02-25215998,02-2536-2546,5,302582.579,2771344.689,6300400,
121.21945172683967,24.944900290133344,NP600,268712587,10411,1,"Nov 6, 2015 4:38:15 PM","Mar 16, 2018 11:34:52 AM",系統管理員,政府資料開放平臺,台灣省人造纖維業產業工會聯合會,29,68000,桃園縣平鎮市振平街12之4號,03-4685694,03-4685764,4,272161.36,2759692.54,6801000,
120.97705328663173,24.81485783276049,NP600,268712679,10411,1,"Nov 6, 2015 4:38:37 PM","Sep 27, 2017 4:58:07 PM",系統管理員,政府資料開放平臺,中華民國音樂職業工會聯合會,49,10018,新竹市田美三街2號3樓,03-5312193,03-5330498,5,247680.3,2745271.33,1001801,
120.68138762857951,24.147262479658927,NP600,268712594,10411,1,"Nov 6, 2015 4:38:16 PM","May 10, 2016 10:23:39 AM",系統管理員,政府資料開放平臺,台灣省手工藝製品業職業工會聯合會,36,66000,台中市大誠街130巷5號,04-22274642,04-22274642,4,217620.75,2671369.008,6600500,
120.72841319289839,24.244622761137734,NP600,268712599,10411,3,"Nov 6, 2015 4:38:18 PM","Jun 4, 2018 9:15:07 AM",系統管理員,政府資料開放平臺,台灣省計程車駕駛員職業工會聯合會,41,66000,台中縣豐原市南陽路192號2樓,04-25240066,04-25240066,4,222420.737,2682141.669,6600900,
121.45488133155955,25.016687194312937,NP600,268712674,10411,1,"Nov 6, 2015 4:38:36 PM","Apr 12, 2017 12:34:12 PM",系統管理員,政府資料開放平臺,中華民國禮儀用品職業工會全國總工會,44,65000,台北縣板橋市大仁街50號3樓,02-29697988,02-22725448,5,295909.828,2767702.936,6500100,
121.47137660349335,25.027557458825214,NP600,268712577,10411,3,"Nov 6, 2015 4:38:12 PM","Aug 16, 2017 2:07:52 PM",系統管理員,政府資料開放平臺,台灣星相卜卦與堪輿職業工會聯合會,19,65000,台北縣板橋市文化路2段182巷1弄8號5樓,02-22573952,02-22574014,4,297570.481,2768912.667,6500100,
121.66289372071164,25.07328286564826,NP600,268712578,10411,3,"Nov 6, 2015 4:38:12 PM","Mar 29, 2017 7:45:16 PM",系統管理員,政府資料開放平臺,台灣省泥水業職業工會聯合會,20,65000,台北縣汐止鎮建成路７６巷１５號２樓,02-26498122,02-26498123,4,316873.709,2774058.489,6501100,
121.74073337237785,25.130293576496317,NP600,268712658,10411,1,"Nov 6, 2015 4:38:32 PM","Jan 18, 2018 6:08:37 PM",系統管理員,政府資料開放平臺,中華民國美容職業工會全國聯合會,28,10017,基隆市仁愛區愛四路48號8樓Ｂ室,02-24231277,02-24283637,5,324691.92,2780414.29,1001704,
120.18880188244624,22.974155950740652,NP600,268712682,10411,12,"Nov 6, 2015 4:38:38 PM","Aug 16, 2018 5:05:11 PM",系統管理員,政府資料開放平臺,全國廚師職業工會聯合總會,52,67000,台南市新興路461巷10弄24號,06-2651859,06-2923189,5,166824.46,2541651.17,6703300,
121.54152501732219,25.067149604473027,NP600,268712687,10411,2,"Nov 6, 2015 4:38:39 PM","Apr 12, 2017 12:32:45 PM",系統管理員,政府資料開放平臺,中華民國塑膠石化業產業工會全國聯合會,57,63000,台北市龍江路四四三巷八號四樓,02-25036433,02-25035486,5,304632.312,2773324.593,6300400,
120.44639999575608,23.48683002254197,NP600,268712576,10411,1,"Nov 6, 2015 4:38:12 PM","Aug 30, 2016 6:04:04 PM",系統管理員,政府資料開放平臺,台灣省派報業職業工會聯合會,18,10020,嘉義市文中街10號,05-2332390,05-2322338,4,193454.155,2598301.779,1002002,
121.4898754002826,25.070727249635823,NP600,268712580,10411,1,"Nov 6, 2015 4:38:13 PM","Apr 12, 2017 12:34:21 PM",系統管理員,政府資料開放平臺,台灣省小貨車裝運業職業工會聯合會,22,65000,台北縣三重市三張街83號5樓,02-29884200,02-89822502,4,299420.065,2773701.001,6500200,
120.29788195146499,23.57924425738966,NP600,268712612,10411,100,"Nov 6, 2015 4:38:21 PM","Aug 2, 2018 7:33:22 PM",系統管理員,政府資料開放平臺,台灣省縫紉業職業工會聯合會,54,10009,雲林縣北港鎮華勝路241號,05-7836832,05-7831322,4,178333.828,2608602.556,1000906,
121.221868305329,25.06833087742959,NP600,268712681,10411,4,"Nov 6, 2015 4:38:38 PM","Mar 9, 2018 9:48:46 AM",系統管理員,政府資料開放平臺,中華民國空服員工會,51,68000,桃園縣大園鄉航站南路1號T棟2樓,03-393-2952,03-393-2875,5,272383.02,2773364.41,6800600,
121.30957926210276,24.984610446158587,NP600,268712588,10411,1,"Nov 6, 2015 4:38:15 PM","Mar 16, 2018 11:36:16 AM",系統管理員,政府資料開放平臺,台灣省冷凍空調業職業工會聯合會,30,68000,桃園市青田街72號,03-3643071,03-3769603,4,281252.919,2764108.651,6800100,
119.56736746291733,23.563594977198942,NP600,268712551,10411,0,"Nov 6, 2015 4:38:06 PM","Nov 6, 2015 4:38:06 PM",系統管理員,政府資料開放平臺,澎湖縣總工會,49,10016,澎湖縣馬公市民福路二號2樓,06-9272245,06-9271732,3,103743.928,2607424.961,1001601,
120.45095999839864,23.48260001562377,NP600,268712538,10411,0,"Nov 6, 2015 4:38:03 PM","Nov 6, 2015 4:38:03 PM",系統管理員,政府資料開放平臺,嘉義縣總工會,36,10020,嘉義市民權路三０六號,05-2785095,05-2780481,3,193918.144,2597831.548,1002001,
120.45785999530845,23.4731700210988,NP600,268712539,10411,0,"Nov 6, 2015 4:38:03 PM","Nov 6, 2015 4:38:03 PM",系統管理員,政府資料開放平臺,嘉義市職業總工會,37,10020,嘉義市和平路63號2樓,05-2765095,05-2774159,3,194619.024,2596784.567,1002001,
120.54230312325994,24.076406759358573,NP600,268712657,10411,0,"Nov 6, 2015 4:38:32 PM","Nov 6, 2015 4:38:32 PM",系統管理員,政府資料開放平臺,中華民國推拿整復師職業工會全國聯合會,27,10007,彰化縣彰化市永樂街67號2樓,04-7237439,04-7229393,5,203460.39,2663560.83,1000701,
121.5147602049973,25.031581223020073,NP600,268712634,10411,1,"Nov 6, 2015 4:38:26 PM","Apr 12, 2017 12:31:35 PM",系統管理員,政府資料開放平臺,中華民國郵務工會全國聯合會,4,63000,台北市重慶南路二段四十五號九樓,02-23921380,02-23414510,5,301947.055,2769374.3,6300500,
121.47933191610137,25.067867792330762,NP600,268712651,10411,2,"Nov 6, 2015 4:38:30 PM","Apr 12, 2017 12:34:28 PM",系統管理員,政府資料開放平臺,中華民國鑲牙齒模承造業職業工會全國聯合會,21,65000,台北縣三重市三民街258號4樓,02-89820799,02-29847268,5,298357.514,2773380.46,6500200,
120.32115975522767,22.58791511028996,NP600,268712546,10411,4,"Nov 6, 2015 4:38:05 PM","Jul 25, 2018 2:12:58 PM",系統管理員,政府資料開放平臺,高雄市職業總工會,44,64000,高雄市前鎮區鎮中路六號9樓,07-8127800,07-8228476,3,180199.929,2498811.764,6400900,
120.43015096425502,24.06071871885582,NP600,268712660,10411,56,"Nov 6, 2015 4:38:32 PM","Aug 16, 2018 1:26:18 PM",系統管理員,政府資料開放平臺,中華民國木工業職業工會全國聯合會,30,10007,彰化縣鹿港鎮復興路694號2樓,04-7754031,04-7754032,5,192049.24,2661865.07,1000702,
121.51560819468074,25.066014947570647,NP600,268712627,10411,2,"Nov 6, 2015 4:38:25 PM","Apr 12, 2017 12:30:54 PM",系統管理員,政府資料開放平臺,台北市公務機關總工會,69,63000,台北市大同區昌吉街55號2樓215-216室,0910-110570,02-23954735,4,302018.099,2773188.692,6300600,
121.50783178174403,25.03726869053951,NP600,268712650,10411,3,"Nov 6, 2015 4:38:30 PM","Apr 22, 2017 10:33:53 PM",系統管理員,政府資料開放平臺,中華民國鐘錶眼鏡業職業工會全國聯合會,20,63000,台北市愛國西路9號4樓之8,02-23144996,02-23319374,5,301245.498,2770001.633,6300500,
120.48502485875665,22.65808183430648,NP600,268712625,10411,79,"Nov 6, 2015 4:38:24 PM","Aug 31, 2018 2:53:47 AM",系統管理員,政府資料開放平臺,台灣省不動產服務職業工會聯合會,67,10013,屏東縣屏東市建興南路七十一之一號,08-7557257,08-7550608,4,197076.19,2506513.96,1001301,
120.30858921209092,22.60584226713449,NP600,268712547,10411,2,"Nov 6, 2015 4:38:05 PM","Apr 13, 2018 5:00:21 PM",系統管理員,政府資料開放平臺,高雄市產業總工會,45,64000,高雄市前鎮區中山三路132號4樓,07-3382928,07-3382917,3,178916.555,2500802.83,6400900,
121.52537874612939,25.045861832312593,NP600,268712631,10411,2,"Nov 6, 2015 4:38:26 PM","Apr 12, 2017 12:30:57 PM",系統管理員,政府資料開放平臺,中華民國營造業總工會,1,63000,台北市北平東路28號10樓,02-23957601,02-23225767,5,303012.506,2770960.213,6300500,
120.52556838899675,23.698220764447406,NP600,268712556,10411,46,"Nov 6, 2015 4:38:08 PM","Jan 3, 2018 7:21:59 AM",系統管理員,政府資料開放平臺,雲林縣職業總工會,54,10009,雲林縣斗六市雲林路2段559號,05-5378199,05-5221284,3,201618.3,2621683.1,1000901,
120.35780519131927,22.652076093174557,NP600,268712549,10411,1,"Nov 6, 2015 4:38:06 PM","May 10, 2016 4:05:19 PM",系統管理員,政府資料開放平臺,高雄縣總工會,47,64000,高雄縣鳥松鄉大埤路117號B1,07-7336606,07-7327959,3,183998.65,2505899.79,6401800,
120.20715324302667,22.9873480273816,NP600,268712541,10411,11,"Nov 6, 2015 4:38:03 PM","Aug 13, 2018 6:01:54 AM",系統管理員,政府資料開放平臺,台南市總工會,39,67000,台南市大埔街50號,06-2154389,06-2153660,3,168714.08,2543101.78,6703700,
121.30269246815057,24.97313375489084,NP600,268712557,10411,1,"Nov 6, 2015 4:38:08 PM","May 10, 2016 4:18:17 PM",系統管理員,政府資料開放平臺,桃園縣產業總工會,55,68000,桃園縣八德市介壽路一段199號,03-3638544,03-3623926,3,280560.509,2762835.895,6800800,
121.66234325127796,25.073668412943068,NP600,268712649,10411,3,"Nov 6, 2015 4:38:30 PM","Apr 12, 2017 12:34:24 PM",系統管理員,政府資料開放平臺,中華民國泥水建築職業總會,19,65000,台北縣汐止市建成路142巷15號2樓,02-26498122,02-26498123,5,316817.966,2774100.923,6501100,
120.37373309143891,23.898828015457884,NP600,268712626,10411,60,"Nov 6, 2015 4:38:24 PM","Sep 7, 2018 11:46:42 AM",系統管理員,政府資料開放平臺,台灣省油漆業職業工會聯合會,68,10007,彰化縣二林鎮大仁街29號,04-8963228,04-8956616,4,186232.03,2643959.88,1000720,
121.52860609698607,25.043080234849036,NP600,268712563,10411,0,"Nov 6, 2015 4:38:09 PM","Nov 6, 2015 4:38:09 PM",系統管理員,政府資料開放平臺,台灣省紡織染整業產業工會聯合會,3,63000,台北市忠孝東路二段六四巷二號,02-23415627,02-23413748,4,303339.366,2770653.376,6300500,
121.50783178174403,25.03726869053951,NP600,268712708,10411,0,"Nov 6, 2015 4:38:45 PM","Nov 6, 2015 4:38:45 PM",系統管理員,政府資料開放平臺,中華民國驗光配鏡人員職業工會全國聯合會,78,63000,台北市愛國西路9號4樓之7,02-23885569,,5,301245.498,2770001.633,6300500,
120.97705328663173,24.81485783276049,NP600,268712644,10411,0,"Nov 6, 2015 4:38:29 PM","Nov 6, 2015 4:38:29 PM",系統管理員,政府資料開放平臺,中華民國鐵工業職業工會全國聯合總工會,14,10018,新竹市田美三街2號1樓,03-5331729,03-5438557,5,247680.3,2745271.33,1001801,
121.74070750145326,25.132324504359914,NP600,268712645,10411,0,"Nov 6, 2015 4:38:29 PM","Nov 6, 2015 4:38:29 PM",系統管理員,政府資料開放平臺,中華民國港務工會聯合會,15,10017,基隆市港西街16號2樓,02-2420-6399,02-24294772,5,324688.076,2780639.241,1001704,
120.68002461941884,24.16963790122401,NP600,268712669,10411,1,"Nov 6, 2015 4:38:35 PM","May 10, 2016 10:08:09 AM",系統管理員,政府資料開放平臺,中華民國美髮美容技術指導員職業工會全國聯合總會,39,66000,台中市天津路3段32-4號7樓,04-22379053,04-22302256,5,217487.896,2673847.415,6600800,
121.53103680662068,25.051760763652254,NP600,268712568,10411,4,"Nov 6, 2015 4:38:10 PM","Jun 29, 2017 2:27:23 PM",系統管理員,政府資料開放平臺,台灣省肥料業產業工會聯合會,10,63000,台北市南京東路2段88號10樓,02-25422231轉666,02-25634597,4,303580.87,2771615.84,6300400,
120.18880188244624,22.974155950740652,NP600,268712614,10411,10,"Nov 6, 2015 4:38:21 PM","Aug 15, 2018 12:10:41 AM",系統管理員,政府資料開放平臺,台灣省廚師職業工會聯合會,56,67000,台南市新興路461巷10弄24號,06-2651859,06-2923189,4,166824.46,2541651.17,6703300,
120.30909461559995,23.035753262281805,NP600,268712639,10411,16,"Nov 6, 2015 4:38:28 PM","Aug 27, 2018 9:01:02 AM",系統管理員,政府資料開放平臺,中華民國髮藝美容造型技術指導員職業工會全國聯合會,9,67000,台南縣新化鎮護安街87號,06-5906465,06-5909350,5,179191.18,2548409.26,6701800,
121.67829692004256,25.07140255723048,NP600,268712671,10411,1,"Nov 6, 2015 4:38:35 PM","Apr 12, 2017 12:34:53 PM",系統管理員,政府資料開放平臺,中華民國台灣區倉儲運輸業工會聯合會,41,65000,台北縣汐止市大同路三段437號6樓之1,02-86476231~2,02-86476230,5,318428.698,2773857.919,6501100,
121.556897841594,25.043731447852,NP600,268712641,10411,3,"Nov 6, 2015 4:38:28 PM","Apr 12, 2017 12:32:06 PM",系統管理員,政府資料開放平臺,全國大眾傳播工會聯合會,11,63000,台北市光復南路100號B3,02-87723250,,5,306193.924,2770736.956,6300300,
121.51387758666279,25.06416962438494,NP600,268712570,10411,2,"Nov 6, 2015 4:38:11 PM","Apr 12, 2017 12:31:58 PM",系統管理員,政府資料開放平臺,台北市金屬業產業工會聯合會,12,63000,台北市重慶北路3段347號3樓之2,02-25973456,02-25972382,4,301844.277,2772983.629,6300600,
121.85517688927831,24.598260757664058,NP600,268712638,10411,264,"Nov 6, 2015 4:38:27 PM","Aug 28, 2018 9:44:30 AM",系統管理員,政府資料開放平臺,中華民國全國水泥業產業工會聯合會,8,10002,宜蘭縣蘇澳鎮蘇東北路2-38號,02-22795453,02-22795456,5,336602.23,2721550.43,1000203,
121.51243720031087,25.081594228289713,NP600,268712642,10411,2,"Nov 6, 2015 4:38:28 PM","Apr 12, 2017 12:32:02 PM",系統管理員,政府資料開放平臺,中華民國電氣業全國總工會,12,63000,台北市重慶北路4段81號4樓之1,02-28126623,02-28126624,5,301691.641,2774913.127,6301100,
121.51913164770264,25.053082380667185,NP600,268712567,10411,6,"Nov 6, 2015 4:38:10 PM","Mar 16, 2018 11:22:19 AM",系統管理員,政府資料開放平臺,台灣省汽車駕駛員職業工會聯合會,7,63000,台北市大同區南京西路61號2樓之一,02-25588246,02-25503478,4,302379.073,2771757.568,6300600,
120.20935586901601,22.98111025758741,NP600,268712613,10411,7,"Nov 6, 2015 4:38:21 PM","Aug 18, 2018 7:32:26 PM",系統管理員,政府資料開放平臺,台鹽公司企業工會聯合會,55,67000,台南市健康路一段297號,06-2152238,06-2151623,4,168936.19,2542409.79,6703300,
121.4924420877724,25.071602417394057,NP600,268712586,10411,1,"Nov 6, 2015 4:38:14 PM","Apr 12, 2017 12:35:02 PM",系統管理員,政府資料開放平臺,台灣汽車服務業職業工會聯合會,28,65000,新北市三重區忠孝路一段4號3樓,02-29815262,02-29715674,4,299678.651,2773798.88,6500200,
121.8684997063356,24.583985571808306,NP600,268712585,10411,124,"Nov 6, 2015 4:38:14 PM","Aug 29, 2018 8:52:13 AM",系統管理員,政府資料開放平臺,台灣省魚貨搬運職業工會聯合會,27,10002,宜蘭縣蘇澳鎮南安里海邊路38-6號,03-9963564,03-9963138,4,337961.45,2719977.7,1000203,
120.18779188312324,22.99352634704646,NP600,268712615,10411,8,"Nov 6, 2015 4:38:21 PM","Aug 5, 2018 9:39:11 AM",系統管理員,政府資料開放平臺,台灣銀樓業職業工會聯合會,57,67000,台南市府前一街9巷12弄31號,06-2971937,06-2971936,4,166732.77,2543796.83,6703700,
121.53497178979661,25.05182861830694,NP600,268712646,10411,3,"Nov 6, 2015 4:38:29 PM","Mar 5, 2018 1:56:04 PM",系統管理員,政府資料開放平臺,中華民國理燙髮美容業職業工會全國聯合會,16,63000,台北市南京東路二段176號12樓,02-25095358,02-25095339,5,303977.882,2771624.92,6300400,
120.46709000388192,23.466170016164043,NP600,268712537,10411,0,"Nov 6, 2015 4:38:03 PM","Nov 6, 2015 4:38:03 PM",系統管理員,政府資料開放平臺,嘉義市總工會,35,10020,嘉義市彌陀路101號二樓,05-2221090,05-2293234,3,195559.04,2596005.843,1002001,
121.74070750145326,25.132324504359914,NP600,268712574,10411,0,"Nov 6, 2015 4:38:11 PM","Nov 6, 2015 4:38:11 PM",系統管理員,政府資料開放平臺,台灣省碼頭裝卸搬運業職業工會聯合會,16,10017,基隆市港西街18號西三碼頭北庫二樓,02-24278131,02-24223402,4,324688.076,2780639.241,1001704,
121.73939636068657,25.12887775219327,NP600,268712575,10411,0,"Nov 6, 2015 4:38:12 PM","Nov 6, 2015 4:38:12 PM",系統管理員,政府資料開放平臺,台灣省理燙髮美容業職業工會聯合會,17,10017,基隆市孝二路39號7樓18室,02-24278443,02-24292952,4,324557.957,2780256.72,1001704,
120.29295984000095,22.62812588054418,NP600,268712666,10411,3,"Nov 6, 2015 4:38:34 PM","Oct 24, 2016 1:20:04 PM",系統管理員,政府資料開放平臺,中華民國彩券販賣人員職業工會全國聯合會,36,64000,高雄市前金區中正四路211號24樓之1,07-2416633,07-2413053,5,177321.364,2503277.913,6400700,
120.66598233974595,24.15395931471597,NP600,268712654,10411,1,"Nov 6, 2015 4:38:31 PM","May 10, 2016 10:07:50 AM",系統管理員,政府資料開放平臺,中華民國稅務會計記帳代理業職業工會全國聯合會,24,66000,台中市台中港路一段157號5樓之一,04-23298687,04-23280103,5,216056.932,2672114.334,6600500,
121.5468061477182,25.051982335515063,NP600,268712683,10411,2,"Nov 6, 2015 4:38:38 PM","Apr 24, 2018 2:23:12 PM",系統管理員,政府資料開放平臺,中華民國按摩業職業工會全國聯合會,53,63000,台北市松山區南京東路3鍛305號5樓517室,02-27177428,27174990,5,305171.906,2771646.72,6300100,
120.72036082556362,24.128277661676087,NP600,268712655,10411,2,"Nov 6, 2015 4:38:31 PM","May 31, 2018 10:09:14 PM",系統管理員,政府資料開放平臺,中華民國計程車駕駛員職業工會總會,25,66000,台中縣太平市中平路順昌巷29弄32號,04-250240033,04-225288734,5,221577.26,2669257.98,6602700,
120.67587988909092,24.1440574961966,NP600,268712678,10411,1,"Nov 6, 2015 4:38:37 PM","May 10, 2016 10:30:42 AM",系統管理員,政府資料開放平臺,中華民國機車修理業職業工會聯合會,48,66000,台中市中區中山路317號,04-22279716,04-22279717,5,217060.196,2671015.339,6600100,
121.5592504632989,25.03020717175908,NP600,268712680,10411,3,"Nov 6, 2015 4:38:38 PM","Apr 23, 2018 1:38:23 PM",系統管理員,政府資料開放平臺,中華民國技工工友產業工會,50,63000,台北市信義區吳興街50巷18弄4號3樓,0922481716,02-27237946,5,306437.509,2769239.908,6300200,
120.29374020312673,22.63554369511205,NP600,268712665,10411,1,"Nov 6, 2015 4:38:34 PM","May 10, 2016 4:13:22 PM",系統管理員,政府資料開放平臺,中華民國照相錄影職業工會全國聯合會,35,64000,高雄市中華三路266號,07-710-378,07-710-4921,5,177405.479,2504098.935,6400500,
120.31365041131455,22.588109031507514,NP600,268712668,10411,1,"Nov 6, 2015 4:38:35 PM","Dec 16, 2017 11:04:13 PM",系統管理員,政府資料開放平臺,中華民國港口總工會,38,64000,高雄市前鎮區德昌路415號,07-8118251,07-8118009,5,179427.872,2498836.771,6400900,
120.30990985633646,22.603165744630704,NP600,268712684,10411,1,"Nov 6, 2015 4:38:39 PM","May 10, 2016 4:15:17 PM",系統管理員,政府資料開放平臺,台塑關係企業工會全國聯合會,54,64000,高雄市前鎮區中山三路35-1號,07-3331101轉128,07-3303758,5,179050.962,2500505.821,6400900,
120.3257390795273,22.61165880010169,NP600,268712685,10411,1,"Nov 6, 2015 4:38:39 PM","May 10, 2016 4:15:34 PM",系統管理員,政府資料開放平臺,全國美姿禮儀造型職業工會聯合會,55,64000,高雄市前鎮區英明一路131巷13號1樓,02-22585901,02-82537559,5,180682.693,2501438.834,6400900,
120.43980261512955,24.047135844311978,NP600,268712661,10411,106,"Nov 6, 2015 4:38:33 PM","Aug 28, 2018 12:34:23 PM",系統管理員,政府資料開放平臺,中華民國雕刻業職業工會全國聯合會,31,10007,彰化縣鹿港鎮街尾里文化街17號,04-7763081,04-7763406,5,193024.79,2660356.8,1000702,
120.43914000385217,23.47002002102007,NP600,268712656,10411,0,"Nov 6, 2015 4:38:32 PM","Nov 6, 2015 4:38:32 PM",系統管理員,政府資料開放平臺,中華民國魚貨運銷職業工會全國聯合會,26,10020,嘉義市新民路757巷6號,05-2363388,05-2361599,5,192705.328,2596443.058,1002002,
120.3140069949169,22.619457081513747,NP600,268712677,10411,0,"Nov 6, 2015 4:38:37 PM","Nov 6, 2015 4:38:37 PM",系統管理員,政府資料開放平臺,中華民國地政業務從業人員職業工會全國聯合會,47,64000,高雄市苓雅區民權一路34號20樓之4,07-3356696,07-3345108,5,179480.513,2502307.868,6400800,
120.69487374643728,23.908677478028565,NP600,268712704,10411,65,"Nov 6, 2015 4:38:44 PM","Aug 21, 2018 12:05:29 PM",系統管理員,政府資料開放平臺,中華民國農事服務業職業工會全國總工會,74,10008,南投縣南投市振興里振興巷65號,,,5,218934.0,2644943.0,1000801,
120.6902752081189,24.172321337492363,NP600,268712698,10411,1,"Nov 6, 2015 4:38:42 PM","May 10, 2016 10:37:06 AM",系統管理員,政府資料開放平臺,中華民國公寓大廈管理服務職業總工會,68,66000,台中市北屯區昌平路1段95-8號4樓之3,04-2247-2078,04-2247-3143,5,218530.104,2674142.264,6600800,
120.31761463769834,22.612370771487075,NP600,268712652,10411,4,"Nov 6, 2015 4:38:31 PM","May 31, 2018 10:09:01 PM",系統管理員,政府資料開放平臺,中華民國計程車工會全國聯合會,22,64000,高雄市前鎮區光華二路203號,07-3359955,,5,179847.794,2501521.475,6400900,
121.52537874612939,25.045861832312593,NP600,268712562,10411,2,"Nov 6, 2015 4:38:09 PM","Apr 12, 2017 12:31:32 PM",系統管理員,政府資料開放平臺,台灣省營造業職業工會聯合會,2,63000,台北市城中區北平東路28號蘭園大廈10樓,02-23957601,02-23225767,4,303012.506,2770960.213,6300500,
121.5262597792036,25.02775510564302,NP600,268712564,10411,3,"Nov 6, 2015 4:38:09 PM","Sep 12, 2016 11:43:18 AM",系統管理員,政府資料開放平臺,台灣菸酒股份有限公司產業工會聯合會,4,63000,台北市金山南路2段219號,02-23212096,02-23417161,4,303109.203,2768954.96,6300300,
120.65871153244706,24.146258214227185,NP600,268712591,10411,1,"Nov 6, 2015 4:38:16 PM","May 10, 2016 10:39:15 AM",系統管理員,政府資料開放平臺,台灣省印刷業職業工會聯合會,33,66000,台中市西區華美街179號,04-23019391,04-23024440,4,215315.984,2671263.214,6600400,
120.67065914237615,24.157767471976754,NP600,268712592,10411,1,"Nov 6, 2015 4:38:16 PM","May 10, 2016 10:42:19 AM",系統管理員,政府資料開放平臺,台灣按摩業職業工會聯合會,34,66000,台中市北區民權路454號,04-22038820,04-22037241,4,216533.187,2672534.964,6600500,
121.53083885265525,25.026212974845805,NP600,268712702,10411,1,"Nov 6, 2015 4:38:43 PM","May 10, 2016 1:29:29 PM",系統管理員,政府資料開放平臺,中華民國人體彩繪從業人員職業工會全國聯合會,72,63000,臺北市大安區和平東路一段192號8樓,02-83692902,02-83692902,5,303571.993,2768785.949,6300300,
121.51311228655065,25.053313543026853,NP600,268712703,10411,3,"Nov 6, 2015 4:38:44 PM","Apr 16, 2018 5:30:05 PM",系統管理員,政府資料開放平臺,中華民國照顧服務員職業工會全國聯合會,73,63000,台北市大同區華亭街28號2樓,02-25502289,02-25552321,5,301771.627,2771780.856,6300600,
120.5323487775572,23.703607850962772,NP600,268712673,10411,42,"Nov 6, 2015 4:38:36 PM","Sep 4, 2018 4:27:11 PM",系統管理員,政府資料開放平臺,中華民國水電業總工會,43,10009,雲林縣斗六市雲林路2段211號5樓,05-5330167,05-5379593,5,202311.72,2622277.41,1000901,
121.52658292730725,25.043590599477337,NP600,268712566,10411,1,"Nov 6, 2015 4:38:10 PM","May 10, 2016 1:36:40 PM",系統管理員,政府資料開放平臺,台灣省林業產業工會聯合會,6,63000,台北市杭州南路1段2號,02-23515441轉159,02-23934162,4,303134.993,2770709.111,6300500,
121.47933191610137,25.067867792330762,NP600,268712579,10411,1,"Nov 6, 2015 4:38:13 PM","Apr 12, 2017 12:34:19 PM",系統管理員,政府資料開放平臺,台灣省鑲牙齒模承造業職業工會聯合會,21,65000,台北縣三重市三民街258號四樓,02-29851372,02-29847268,4,298357.514,2773380.46,6500200,
121.4898754002826,25.070727249635823,NP600,268712581,10411,3,"Nov 6, 2015 4:38:13 PM","Apr 28, 2017 9:36:04 AM",系統管理員,政府資料開放平臺,台灣省糕餅業職業工會聯合會,23,65000,台北縣三重市三張街八三號五樓,02-29884200,,4,299420.065,2773701.001,6500200,
120.32445211229626,22.60327263956059,NP600,268712676,10411,1,"Nov 6, 2015 4:38:37 PM","May 10, 2016 4:16:27 PM",系統管理員,政府資料開放平臺,中華民國廚師職業工會全國總工會,46,64000,高雄市前鎮區班超路132號5樓之4,07-71537627515113,07-7611306,5,180546.173,2500510.809,6400900,
121.51897768747435,25.031416274075042,NP600,268712691,10411,3,"Nov 6, 2015 4:38:40 PM","Mar 3, 2018 12:14:41 AM",系統管理員,政府資料開放平臺,中華民國保險業全國總工會,61,63000,台北市羅斯福路1段28號6樓,02-23213799,02-23969570,5,302372.74,2769357.654,6300500,
121.47945490172782,25.017392023597395,NP600,268712662,10411,1,"Nov 6, 2015 4:38:33 PM","Apr 12, 2017 12:34:33 PM",系統管理員,政府資料開放平臺,中華民國餐飲業工會全國聯合會,32,65000,台北縣板橋市三民路2段37號9樓,02-89541749,02-29647544,5,298389.726,2767789.558,6500100,
120.37373309143891,23.898828015457884,NP600,268712706,10411,4,"Nov 6, 2015 4:38:44 PM","Jan 3, 2018 6:14:16 AM",系統管理員,政府資料開放平臺,中華民國油漆業全國聯合會,76,10007,彰化縣二林鎮豐田里大仁街29號,08-7320989,08-7654267,5,186232.03,2643959.88,1000720,
121.23248585558508,24.957399113794114,NP600,268712589,10411,0,"Nov 6, 2015 4:38:15 PM","Nov 6, 2015 4:38:15 PM",系統管理員,政府資料開放平臺,台灣省機械業產業工會聯合會,31,68000,桃園縣中壢市永康三街5號2樓,03-4633413,03-4636785,4,273475.248,2761079.12,6800200,
121.52787770773037,25.02124919603562,NP600,268712495,10411,1,"Nov 6, 2015 4:37:54 PM","Mar 11, 2016 12:32:42 PM",系統管理員,政府資料開放平臺,全國產業總工會,3,63000,台北市大安區羅斯福路3段177號5樓,02-23630980,02-33652950,2,303275.293,2768234.967,6300300,
120.66622423977343,24.147965464944374,NP600,268712598,10411,1,"Nov 6, 2015 4:38:17 PM","May 10, 2016 10:45:17 AM",系統管理員,政府資料開放平臺,台灣省鐘錶眼鏡業職業工會聯合會,40,66000,台中市西區模範街9巷6號,04-23054029,04-23058665,4,216079.932,2671450.453,6600400,
121.49769942069096,25.03862867862448,NP600,268712497,10411,2,"Nov 6, 2015 4:37:55 PM","Apr 12, 2017 12:31:42 PM",系統管理員,政府資料開放平臺,中華民國全國職業總工會,5,63000,台北市萬華區桂林路153號2樓之6,02-23881132,02-23120218,2,300222.467,2770148.475,6300700,
121.221868305329,25.06833087742959,NP600,268712490,10411,2,"Nov 6, 2015 4:37:53 PM","Nov 13, 2016 11:06:12 AM",系統管理員,政府資料開放平臺,中華航空公司產業工會,6,68000,桃園縣大園鄉航站南路1號﹝T棟2樓﹞,03-393-2952,03-393-2875,1,272383.02,2773364.41,6800600,
121.51333268386396,25.043043527573175,NP600,268712701,10411,1,"Nov 6, 2015 4:38:43 PM","May 10, 2016 11:20:05 AM",系統管理員,政府資料開放平臺,中華民國派報業職業工會全國聯合會,71,63000,台北市重慶南路1段99號8樓,02-2331-8252,02-2389-9354,5,301798.18,2770643.378,6300500,
121.52144628660078,25.062992691859098,NP600,268712707,10411,6,"Nov 6, 2015 4:38:45 PM","May 16, 2018 4:56:16 PM",系統管理員,政府資料開放平臺,全國教師工會總聯合會,77,63000,臺北市中山區民權西路27號2樓,25857528,25857559,5,302608.387,2772856.188,6300400,
121.51568219977582,25.028934939410554,NP600,268712693,10411,2,"Nov 6, 2015 4:38:41 PM","Apr 12, 2017 12:32:41 PM",系統管理員,政府資料開放平臺,國際金屬工人聯合會中華民國委員會,63,63000,台北市中正區重慶南路3段17號4樓,02-23914725,02-23914274,5,302041.216,2769081.538,6300500,
121.5203929611854,25.074071937775496,NP600,268712505,10411,1,"Nov 6, 2015 4:37:56 PM","Apr 12, 2017 12:32:49 PM",系統管理員,政府資料開放平臺,台北市職業總工會,3,63000,台北市大同區承德路3段287號勞工教育館2樓,02-25867111,02-25866107,3,302497.393,2774082.98,6300600,
121.57498834831394,25.07165651898747,NP600,268712502,10411,2,"Nov 6, 2015 4:37:56 PM","Apr 12, 2017 12:31:48 PM",系統管理員,政府資料開放平臺,全國產職業總工會,10,63000,台北市內湖區舊宗路2段181巷10號2樓,02-25867111,02-25866107,2,308006.243,2773837.745,6301000,
120.69228900800786,24.16744953371123,NP600,268712595,10411,1,"Nov 6, 2015 4:38:17 PM","Dec 2, 2016 10:58:08 AM",系統管理員,政府資料開放平臺,台灣總工會,37,66000,台中市北屯區興安路1段92號,04-22309009,04-22309012,4,218733.533,2673602.257,6600800,
121.72861771195187,25.13496594533125,NP600,268712507,10411,2,"Nov 6, 2015 4:37:57 PM","Nov 24, 2017 11:53:33 AM",系統管理員,政府資料開放平臺,基隆市職業總工會,5,10017,基隆市安樂區安一路370巷22號B樓1樓,02-24220629,04-24250619,3,323467.398,2780925.193,1001706,
121.43083825783616,25.056286693765177,NP600,268712690,10411,2,"Nov 6, 2015 4:38:40 PM","Apr 12, 2017 12:34:26 PM",系統管理員,政府資料開放平臺,中華民國足部反射療法從業人員職業工會聯合會,60,65000,新北市泰山區明志路一段453-1號一樓,02-85314285,02-22962176,5,293469.243,2772081.218,6501600,
121.51705765916702,25.04717594889493,NP600,268712697,10411,1,"Nov 6, 2015 4:38:42 PM","May 10, 2016 1:39:00 PM",系統管理員,政府資料開放平臺,中華民國鐵路工會全國聯合會,67,63000,台北市北平西路3號6樓6048室,02-23611149,02-23896134,5,302172.309,2771102.538,6300500,
121.51337663471028,25.04638035797405,NP600,268712705,10411,2,"Nov 6, 2015 4:38:44 PM","Apr 12, 2017 12:32:33 PM",系統管理員,政府資料開放平臺,中華民國能源產業工會全國聯合會,75,63000,台北市重慶南路一段7號7樓,02-27944032,02-23821900,5,301801.213,2771013.0,6300500,
120.30222233910185,22.642658759418936,NP600,268712710,10411,1,"Nov 6, 2015 4:38:45 PM","Mar 31, 2017 1:28:02 PM",系統管理員,政府資料開放平臺,中華民國芳療整體保養職業工會全國聯合總會,80,64000,高雄市三民區遼寧二街13號,07-5377119,,5,178281.059,2504882.701,6400500,
120.47842092737766,22.667625504554422,NP600,268712689,10411,64,"Nov 6, 2015 4:38:40 PM","Aug 10, 2018 5:05:29 AM",系統管理員,政府資料開放平臺,中華民國外燴服務人員職業工會全國總工會,59,10013,屏東縣屏東市和平路77號,08-7537275,08-7536193,5,196401.2,2507573.11,1001301,
121.50783178174403,25.03726869053951,NP600,268712709,10411,3,"Nov 6, 2015 4:38:45 PM","May 3, 2018 12:06:59 PM",系統管理員,政府資料開放平臺,中華民國網路購物服務人員職業工會全國聯合會,79,63000,台北市愛國西路9號4樓之6,,,5,301245.498,2770001.633,6300500,
120.43015096425502,24.06071871885582,NP600,268712604,10411,56,"Nov 6, 2015 4:38:19 PM","Feb 14, 2018 3:06:01 AM",系統管理員,政府資料開放平臺,台灣省木工業職業工會聯合會,46,10007,彰化縣鹿港鎮復興路694號2樓,04-7754031,04-7754032,4,192049.24,2661865.07,1000702,
121.54954237590994,25.028335660210328,NP600,268712499,10411,3,"Nov 6, 2015 4:37:55 PM","Apr 12, 2017 12:34:04 PM",系統管理員,政府資料開放平臺,中華民國全國聯合總工會,7,63000,台北市大安區安和路2段104號1樓,0982-345688,02-27542966,2,305458.626,2769028.598,6300300,
120.35877183301226,22.567054088769698,NP600,268712695,10411,1,"Nov 6, 2015 4:38:41 PM","Jul 25, 2018 2:16:01 PM",系統管理員,政府資料開放平臺,中華民國青草藥製造職業工會聯合會,65,64000,高雄市小港區漢民路505號,07-8034578,07-8030012,5,184057.49,2496484.668,6401100,
121.50236045313567,25.04452032871107,NP600,268712699,10411,5,"Nov 6, 2015 4:38:43 PM","Nov 6, 2017 2:31:58 PM",系統管理員,政府資料開放平臺,中華演藝總工會,69,63000,台北市峨眉街122號5樓之5,02-23112044,02-23821080,5,300690.394,2770802.802,6300700,
121.49107754767745,25.068994770000458,NP600,268712700,10411,2,"Nov 6, 2015 4:38:43 PM","Aug 24, 2017 3:50:53 PM",系統管理員,政府資料開放平臺,中華民國歌舞藝能服務人員職業工會聯合會,70,65000,台北縣三重市重陽路4段7號2樓,02-29810067,02-29802789,5,299542.04,2773509.542,6500200,
121.48681907044707,25.005850891823755,NP600,268712491,10411,2,"Nov 6, 2015 4:37:53 PM","Jul 2, 2018 3:22:39 PM",系統管理員,政府資料開放平臺,台灣公路工會,7,65000,台北縣中和市中山路2段482巷3號,02-22252889,02-22281329,1,299137.57,2766513.86,6500300,
120.19255816504875,22.967629358470216,NP600,268712596,10411,9,"Nov 6, 2015 4:38:17 PM","Aug 15, 2018 6:01:59 AM",系統管理員,政府資料開放平臺,台灣水電裝置業職業工會聯合會,38,67000,台南市南區新都路488巷13號,06-2651396,06-2611939,4,167205.65,2540926.29,6703300,
121.29986012747116,24.995792493021458,NP600,268712619,10411,0,"Nov 6, 2015 4:38:23 PM","Nov 6, 2015 4:38:23 PM",系統管理員,政府資料開放平臺,台灣省照相錄影業職業工會聯合會,61,68000,桃園縣桃園市民安路112號,03-3150416,,4,280269.0,2765345.0,6800100,
121.52490090128411,25.057935339636554,NP600,268712501,10411,0,"Nov 6, 2015 4:37:56 PM","Nov 6, 2015 4:37:56 PM",系統管理員,政府資料開放平臺,全國勞工聯合總工會,9,63000,台北市民生東路1段54號12樓之1,02-25670689,02-25670389,2,302959.101,2772297.355,6300400,
121.46566294346883,25.008688893237004,NP600,268712511,10411,0,"Nov 6, 2015 4:37:58 PM","Nov 6, 2015 4:37:58 PM",系統管理員,政府資料開放平臺,新北市職業總工會,9,65000,新北市板橋區民族路81號2樓,02-29589417,02-29589414,3,297001.044,2766820.706,6500100,
121.45524416585883,25.015065047220325,NP600,268712509,10411,3,"Nov 6, 2015 4:37:57 PM","Sep 3, 2018 2:09:08 PM",系統管理員,政府資料開放平臺,新北市產業總工會,7,65000,新北市板橋區大智街34號1樓,02-29666070,02-29663963,3,295947.052,2767523.383,6500100,
120.33292651784704,22.601710362878954,NP600,268712623,10411,1,"Nov 6, 2015 4:38:23 PM","Dec 7, 2016 8:04:19 PM",系統管理員,政府資料開放平臺,台灣省室內裝潢職業工會聯合會,65,64000,高雄縣鳳山市保泰路二八八號,07-7216034,07-7216034,4,181416.69,2500333.89,6401200,
121.78284242624058,24.67314709051516,NP600,268712514,10411,192,"Nov 6, 2015 4:37:58 PM","Aug 26, 2018 10:59:39 AM",系統管理員,政府資料開放平臺,宜蘭縣產業總工會,12,10002,宜蘭縣羅東鎮中山路二段123號,03-9605669,03-9605359,3,329229.49,2729801.49,1000202,
121.5147602049973,25.031581223020073,NP600,268712492,10411,2,"Nov 6, 2015 4:37:54 PM","Nov 2, 2016 9:35:27 AM",系統管理員,政府資料開放平臺,中華郵政工會,8,63000,台北市重慶南路二段四十五號九樓,02-23921381,02-23414510,1,301947.055,2769374.3,6300500,
120.68788597017674,24.125824147704414,NP600,268712526,10411,1,"Nov 6, 2015 4:38:00 PM","May 10, 2016 10:48:04 AM",系統管理員,政府資料開放平臺,台中市產業總工會,24,66000,台中市東區仁和路362號2樓,04-22803966,04-22803967,3,218275.865,2668993.221,6600200,
121.76331179055462,24.677669831978136,NP600,268712515,10411,178,"Nov 6, 2015 4:37:58 PM","Sep 3, 2018 10:16:44 AM",系統管理員,政府資料開放平臺,宜蘭縣職業總工會,13,10002,宜蘭縣羅東鎮純精路二段143號5樓,03-9615618,03-9615617,3,327249.98,2730291.31,1000202,
121.73939636068657,25.12887775219327,NP600,268712506,10411,6,"Nov 6, 2015 4:37:56 PM","Jan 18, 2018 3:15:51 PM",系統管理員,政府資料開放平臺,基隆市總工會,4,10017,基隆市孝二路三十九號四樓,02-24249101,02-24245174,3,324557.957,2780256.72,1001704,
121.52821398984422,25.029843072251275,NP600,268712487,10411,7,"Nov 6, 2015 4:37:53 PM","Jul 28, 2017 3:23:25 PM",系統管理員,政府資料開放平臺,中華電信公司產業工會,3,63000,台北市金華街138號3樓,02-23411799,02-23411826,1,303305.52,2769187.002,6300300,
121.0107404617422,24.827260665443607,NP600,268712519,10411,52,"Nov 6, 2015 4:37:59 PM","May 17, 2018 3:11:30 PM",系統管理員,政府資料開放平臺,新竹縣總工會,17,10004,新竹縣竹北市縣政八街二十五號三樓,03-5516636,03-5510637,3,251085.653,2746644.905,1000401,
121.51337663471028,25.04638035797405,NP600,268712488,10411,2,"Nov 6, 2015 4:37:53 PM","Apr 12, 2017 12:33:42 PM",系統管理員,政府資料開放平臺,台灣石油工會,4,63000,台北市重慶南路一段7號6樓,02-23817712,02-23753986,1,301801.213,2771013.0,6300500,
120.21052096142786,23.00576953428011,NP600,268712616,10411,14,"Nov 6, 2015 4:38:22 PM","Aug 12, 2018 3:37:32 PM",系統管理員,政府資料開放平臺,台灣省檳榔包裝加工業職業工會聯合會,58,67000,台南市公園路458號二樓,06-3504602,06-3504602,4,169070.35,2545139.92,6703400,
121.48699841395887,25.0645494582275,NP600,268712618,10411,1,"Nov 6, 2015 4:38:22 PM","Nov 7, 2017 5:17:02 PM",系統管理員,政府資料開放平臺,台灣食品加工業產業工會聯合會,60,65000,台北縣三重市中正北路111號,02-29899201轉10,02-89836514,4,299132.286,2773015.667,6500200,
121.51958574964317,25.03170991928833,NP600,268712485,10411,5,"Nov 6, 2015 4:37:52 PM","Mar 9, 2018 9:47:48 AM",系統管理員,政府資料開放平臺,台灣電力工會,1,63000,台北市寧波東街2號,02-23962555,02-23512282,1,302433.979,2769390.415,6300500,
121.50035325654488,25.027903243526858,NP600,268712504,10411,7,"Nov 6, 2015 4:37:56 PM","Jan 25, 2018 2:53:05 PM",系統管理員,政府資料開放平臺,台北市產業總工會,2,63000,台北市萬大路184號2樓,02-23396172,02-23396215,3,300494.658,2768961.459,6300700,
120.2368125143354,23.012419472078346,NP600,268712617,10411,14,"Nov 6, 2015 4:38:22 PM","Aug 18, 2018 12:24:32 AM",系統管理員,政府資料開放平臺,台灣省洗染業職業工會聯合會,59,67000,台南縣永康市中山東路125號,06-2011826~7,06-2011936,4,171769.45,2545862.06,6703100,
121.45488133155955,25.016687194312937,NP600,268712624,10411,2,"Nov 6, 2015 4:38:24 PM","Apr 12, 2017 12:35:14 PM",系統管理員,政府資料開放平臺,台灣省禮儀用品職業工會聯合會,66,65000,台北縣板橋市大仁街50號3樓,02-29697988,02-22725448,4,295909.828,2767702.936,6500100,
121.52787770773037,25.02124919603562,NP600,268712493,10411,4,"Nov 6, 2015 4:37:54 PM","Aug 8, 2017 4:02:07 PM",系統管理員,政府資料開放平臺,中華民國全國總工會,1,63000,台北市大安區羅斯福路三段177號4樓,02-23660111,02-23696111,2,303275.293,2768234.967,6300300,
121.51705765916702,25.04717594889493,NP600,268712486,10411,4,"Nov 6, 2015 4:37:52 PM","Oct 31, 2017 1:44:12 PM",系統管理員,政府資料開放平臺,台灣鐵路工會,2,63000,台北市北平西路3號6樓6044室,02-23896115,02-23896134,1,302172.309,2771102.538,6300500,
121.4811102222312,25.065570077588337,NP600,268712512,10411,2,"Nov 6, 2015 4:37:58 PM","Apr 12, 2017 12:34:30 PM",系統管理員,政府資料開放平臺,新北市產職業聯合總工會,10,65000,新北市三重區忠孝路3段50巷7號,02-29846429,02-29845607,3,298537.827,2773126.59,6500200,
121.52305274569342,25.057285573841394,NP600,268712503,10411,3,"Nov 6, 2015 4:37:56 PM","Jun 29, 2017 3:05:54 PM",系統管理員,政府資料開放平臺,台北市總工會,1,63000,台北市中山北路2段71號7樓,02-25605555,02-25602333,3,302772.909,2772224.661,6300400,
120.30636622466157,23.30183089405969,NP600,268712620,10411,9,"Nov 6, 2015 4:38:23 PM","Aug 13, 2018 4:01:35 AM",系統管理員,政府資料開放平臺,台灣省鐵工業職業工會聯合會,62,67000,台南縣新營市裕民路34巷5號,06-6564078,06-6563148,4,179051.9,2577876.27,6700100,
121.76894250341033,24.693537020506632,NP600,268712516,10411,220,"Nov 6, 2015 4:37:59 PM","Sep 7, 2018 12:20:18 AM",系統管理員,政府資料開放平臺,宜蘭縣勞工團體聯盟總會,14,10002,宜蘭縣五結鄉中正路2段7巷11號,03-9573466,03-9641331,3,327810.0,2732052.0,1000209,
121.5378879697667,25.052175904924233,NP600,268712489,10411,11,"Nov 6, 2015 4:37:53 PM","Mar 29, 2018 9:35:06 AM",系統管理員,政府資料開放平臺,中華海員總工會,5,63000,台北市南京東路三段二十五號八樓,02-25150259,02-25078211,1,304271.973,2771664.554,6300400,
121.30531478789446,24.98916834386143,NP600,268712522,10411,0,"Nov 6, 2015 4:38:00 PM","Nov 6, 2015 4:38:00 PM",系統管理員,政府資料開放平臺,桃園縣職業總工會,20,68000,桃園市復興路305號6樓,03-3393621,03-3390653,3,280821.269,2764612.52,6800100,
120.97705328663173,24.81485783276049,NP600,268712518,10411,0,"Nov 6, 2015 4:37:59 PM","Nov 6, 2015 4:37:59 PM",系統管理員,政府資料開放平臺,新竹市總工會,16,10018,新竹市田美三街二號,03-5312124,03-5338941,3,247680.3,2745271.33,1001801,
121.3079391820742,24.993887937659323,NP600,268712521,10411,0,"Nov 6, 2015 4:38:00 PM","Nov 6, 2015 4:38:00 PM",系統管理員,政府資料開放平臺,桃園縣總工會,19,68000,桃園市博愛路一七０號四樓,03-3322658,03-3359599,3,281085.014,2765135.874,6800100,
120.70884915591132,24.250925741099245,NP600,268712529,10411,0,"Nov 6, 2015 4:38:01 PM","Nov 6, 2015 4:38:01 PM",系統管理員,政府資料開放平臺,台中縣職業總工會,27,66000,台中縣豐原市圓環西路23號5樓,04-25284782,04-25284738,3,220435.482,2682843.741,6600900,
120.45785999530845,23.4731700210988,NP600,268712608,10411,0,"Nov 6, 2015 4:38:20 PM","Nov 6, 2015 4:38:20 PM",系統管理員,政府資料開放平臺,台灣省餐飲業職業工會聯合會,50,10020,嘉義市和平路63號5樓,05-2281873,05-2281873,4,194619.024,2596784.567,1002001,
120.42902999981459,23.490640016467015,NP600,268712609,10411,0,"Nov 6, 2015 4:38:20 PM","Nov 6, 2015 4:38:20 PM",系統管理員,政府資料開放平臺,台灣省模板業職業工會聯合會,51,10020,嘉義市世賢路一段679號,05-2319268,05-2780308,4,191681.584,2598730.651,1002002,
120.48362889940569,22.66597482937557,NP600,268712554,10411,86,"Nov 6, 2015 4:38:07 PM","Aug 28, 2018 11:38:50 AM",系統管理員,政府資料開放平臺,屏東縣總工會,52,10013,屏東縣屏東市自由路十七號,08-7559538,08-7524371,3,196935.76,2507388.46,1001301,
120.30858921209092,22.60584226713449,NP600,268712628,10411,2,"Nov 6, 2015 4:38:25 PM","Apr 13, 2018 5:05:25 PM",系統管理員,政府資料開放平臺,高雄市公務機關產業工會聯合會,70,64000,高雄市前鎮區中山三路132號4樓,07-3328110#405406,07-3340758,4,178916.555,2500802.83,6400900,
120.44890000080991,23.477050023165653,NP600,268712611,10411,1,"Nov 6, 2015 4:38:21 PM","Oct 9, 2016 11:11:50 PM",系統管理員,政府資料開放平臺,台灣省屠宰業職業工會聯合會,53,10020,嘉義市國華街106之2號5樓7室,05-2228360,05-2246234,4,193705.365,2597217.729,1002002,
119.94428201853623,26.15695196027201,NP600,268712508,10411,254,"Nov 6, 2015 4:37:57 PM","Sep 7, 2018 10:42:00 AM",系統管理員,政府資料開放平臺,福建省連江縣工會,6,09007,連江縣南竿鄉福沃村130號,0836-22419,0836-23376,3,144451.654,2894362.428,0900701,系統管理員
120.26476121456992,22.970255776853428,NP600,268712542,10411,16,"Nov 6, 2015 4:38:04 PM","Aug 31, 2018 5:09:17 AM",系統管理員,政府資料開放平臺,台南市產業總工會,40,67000,台南市仁德區中山路136號2樓,06-2707313,06-2707314,3,174611.04,2541178.24,6702700,
120.68788597017674,24.125824147704414,NP600,268712527,10411,4,"Nov 6, 2015 4:38:01 PM","Jun 19, 2017 9:32:20 AM",系統管理員,政府資料開放平臺,台中市總工會,25,66000,台中市仁和路三六二號,04-22825301,04-22821919,3,218275.865,2668993.221,6600200,
121.58779595776254,23.978935098485024,NP600,268712633,10411,4,"Nov 6, 2015 4:38:26 PM","Apr 10, 2017 11:49:34 PM",系統管理員,政府資料開放平臺,中華民國營建土木業職業工會全國總會,3,10015,花蓮縣吉安鄉勝安村中原路1段151號,03-8535959,03-8525738,5,309813.739,2652814.941,1001505,
120.30858921209092,22.60584226713449,NP600,268712629,10411,1,"Nov 6, 2015 4:38:25 PM","May 10, 2016 4:16:46 PM",系統管理員,政府資料開放平臺,高雄市機械總工會,71,64000,高雄市前鎮區中山三路132號4樓,07-3366207,07-3340502,4,178916.555,2500802.83,6400900,
121.0107404617422,24.827260665443607,NP600,268712621,10411,194,"Nov 6, 2015 4:38:23 PM","Sep 5, 2018 1:34:32 PM",系統管理員,政府資料開放平臺,台灣重機械操作員職業工會聯合會,63,10004,新竹縣竹北市縣政八街25號2樓,03-5531299,03-5530685,4,251085.653,2746644.905,1000401,
120.30858921209092,22.60584226713449,NP600,268712630,10411,1,"Nov 6, 2015 4:38:25 PM","May 10, 2016 4:17:35 PM",系統管理員,政府資料開放平臺,高雄市交通運輸總工會,72,64000,高雄市前鎮區中山三路132號1樓,07-3328110#110111,07-3349820,4,178916.555,2500802.83,6400900,
120.39347996345597,22.63715948800373,NP600,268712632,10411,2,"Nov 6, 2015 4:38:26 PM","Jun 14, 2018 12:29:51 AM",系統管理員,政府資料開放平臺,中華民國傳統整復推拿師職業工會全國聯合總會,2,64000,高雄市大寮區鳳屏一路339號12樓之1,07-7026388,07-7012663,5,187658.48,2504232.65,6401400,
120.32115975522767,22.58791511028996,NP600,268712545,10411,3,"Nov 6, 2015 4:38:05 PM","Jul 19, 2018 5:28:03 PM",系統管理員,政府資料開放平臺,高雄市總工會,43,64000,高雄市前鎮區鎮中路六號八樓,07-8110360,07-8124616,3,180199.929,2498811.764,6400900,
120.43150811567645,24.05886952787423,NP600,268712696,10411,122,"Nov 6, 2015 4:38:42 PM","Aug 28, 2018 8:52:06 PM",系統管理員,政府資料開放平臺,中華民國宗教服務職業工會全國聯合總會,66,10007,彰化縣鹿港鎮中山路274號,04-7752619,04-7769241,5,192186.43,2661659.71,1000702,
120.31942875218598,23.30669197413939,NP600,268712544,10411,12,"Nov 6, 2015 4:38:04 PM","Aug 11, 2018 11:44:27 PM",系統管理員,政府資料開放平臺,大台南總工會,42,67000,台南市新營區文昌街26-7號,06-6322176,06-6329440,3,180390.57,2578408.26,6700100,
120.71545790859459,24.248125546505094,NP600,268712530,10411,4,"Nov 6, 2015 4:38:01 PM","Jun 19, 2017 9:32:52 AM",系統管理員,政府資料開放平臺,臺中直轄市總工會,28,66000,台中縣豐原市中山路442號,04-25262447,04-25123940,3,221105.93,2682532.23,6600900,
121.11760612681393,22.769374569897767,NP600,268712555,10411,1,"Nov 6, 2015 4:38:07 PM","Feb 1, 2017 11:36:40 PM",系統管理員,政府資料開放平臺,台東縣總工會,53,10014,台東縣台東市中興路二段七四一號,089-228115,089-235272,3,262076.463,2518750.46,1001401,
120.48362889940569,22.66597482937557,NP600,268712553,10411,3,"Nov 6, 2015 4:38:07 PM","Nov 20, 2017 4:48:29 PM",系統管理員,政府資料開放平臺,屏東縣職業總工會,51,10013,屏東縣屏東市自由路17號2樓,08-7514749,08-7514849,3,196935.76,2507388.46,1001301,
120.68788597017674,24.125824147704414,NP600,268712528,10411,2,"Nov 6, 2015 4:38:01 PM","May 28, 2018 1:17:03 PM",系統管理員,政府資料開放平臺,台中市職業總工會,26,66000,台中市東區仁和路362之1號2樓,04-22830277,04-22830276,3,218275.865,2668993.221,6600200,
120.32258209009404,23.310790327131627,NP600,268712543,10411,15,"Nov 6, 2015 4:38:04 PM","Aug 30, 2018 2:31:52 PM",系統管理員,政府資料開放平臺,台南市職業總工會,41,67000,台南市新營區大同路36之5號,06-6335678,06-6374642,3,180715.23,2578860.61,6700100,
120.57497616936648,24.01098553357288,NP600,268712694,10411,169,"Nov 6, 2015 4:38:41 PM","Aug 22, 2018 5:59:57 AM",系統管理員,政府資料開放平臺,中華民國道士職業工會全國總工會,64,10007,彰化縣花壇鄉長春村彰員路1段190巷2號,04-7881881,04-7881887,5,206760.8,2656305.0,1000708,
120.54748247574962,23.7117787797752,NP600,268712540,10411,40,"Nov 6, 2015 4:38:03 PM","Aug 13, 2018 7:38:28 PM",系統管理員,政府資料開放平臺,雲林縣總工會,38,10009,雲林縣斗六市永樂街三十五號,05-5323351,05-5336937,3,203857.86,2623177.32,1000901,
121.76459218417045,24.67325509637448,NP600,268712584,10411,137,"Nov 6, 2015 4:38:14 PM","Sep 3, 2018 9:30:56 AM",系統管理員,政府資料開放平臺,台灣省雕刻業職業工會聯合會,26,10002,宜蘭縣羅東鎮中山西路218之2號,03-9514878,03-9610705,4,327382.29,2729803.04,1000202,系統管理員
120.57566027727918,23.97186321662354,NP600,268712605,10411,57,"Nov 6, 2015 4:38:19 PM","Aug 14, 2018 2:00:30 PM",系統管理員,政府資料開放平臺,台灣省土地登記專業代理人職業工會聯合會,47,10007,彰化縣員林鎮興華街3號,04-8326467,04-7238526,4,206817.35,2651972.03,1000710,
118.32125680243882,24.429928230641398,NP600,268712552,10411,211,"Nov 6, 2015 4:38:07 PM","Sep 7, 2018 2:32:01 PM",系統管理員,政府資料開放平臺,福建省金門縣總工會,50,09020,金門縣金城鎮浯江北堤路二十八號,082-325031,082-321315,3,-21692.122,2705265.803,0902001,
121.0107404617422,24.827260665443607,NP600,268712520,10411,48,"Nov 6, 2015 4:37:59 PM","Jul 19, 2018 11:14:13 AM",系統管理員,政府資料開放平臺,新竹縣產業總工會,18,10004,新竹縣竹北市縣政八街25號1樓,03-5584493,03-5584491,3,251085.653,2746644.905,1000401,
